$distinct_id,$distinct_id
"01HV7F2Z03B3X3SG7MZC30PSJ2","01HV7F2Z03B3X3SG7MZC30PSJ2"
"01JJEZYVY6WBETJ5PKWX2BG81X","01JJEZYVY6WBETJ5PKWX2BG81X"
"01HXE31W3NH2389NKX2Y56X9MS","01HXE31W3NH2389NKX2Y56X9MS"
"01J1FBBBMDZCWXVPCS11J6R118","01J1FBBBMDZCWXVPCS11J6R118"
"01JJG2F0V03FTD330B5G92NSNF","01JJG2F0V03FTD330B5G92NSNF"
"01JGP9EBHRESHMMGHRWX6VK5Z1","01JGP9EBHRESHMMGHRWX6VK5Z1"
"01HZCRJHWPYRGQ501VWGWVY7KX","01HZCRJHWPYRGQ501VWGWVY7KX"
"01JJEZZG70KPB7MFZYXVM4A08S","01JJEZZG70KPB7MFZYXVM4A08S"
"01HW3JC9SHP0NYPGKSFJ7JGCST","01HW3JC9SHP0NYPGKSFJ7JGCST"
"01JJG2ET3RQ598CFWDMN2N2G4V","01JJG2ET3RQ598CFWDMN2N2G4V"
"01HWXE731KZQ8FH60JPJ0GCTHM","01HWXE731KZQ8FH60JPJ0GCTHM"
"01HV7EQE0CYA1ZWRENMNYKACCA","01HV7EQE0CYA1ZWRENMNYKACCA"
"01JC9CQV0Q5N0X512Y5Q4F51FR","01JC9CQV0Q5N0X512Y5Q4F51FR"
"01HWNPFC4SDS76TF61T6SC1V0K","01HWNPFC4SDS76TF61T6SC1V0K"
"01HV7VWSGKAPNZXNHC8QF6NHRT","01HV7VWSGKAPNZXNHC8QF6NHRT"
"01JFA9NV9FXVT7HGJ26XJMYBJS","01JFA9NV9FXVT7HGJ26XJMYBJS"
"01HV7ENYBRENNXEGTMVFGHN2DZ","01HV7ENYBRENNXEGTMVFGHN2DZ"
"01HV7F7SXV5C4TKGQEBYR4Q0B2","01HV7F7SXV5C4TKGQEBYR4Q0B2"
"01HV7EFBYARF800C2XFNMJJZ42","01HV7EFBYARF800C2XFNMJJZ42"
"01JHDFBQJ575KVF36AJH86R4QW","01JHDFBQJ575KVF36AJH86R4QW"
"01JJDGSNXTG40QWJ6F5CXTE5DY","01JJDGSNXTG40QWJ6F5CXTE5DY"
"01JGSX3NQVS1YXDESH5FY4W07P","01JGSX3NQVS1YXDESH5FY4W07P"
"01HV9EKJT3KE7KDC873JN72JRY","01HV9EKJT3KE7KDC873JN72JRY"
"01HV7P2RS9VH7V74BV3FMTYH98","01HV7P2RS9VH7V74BV3FMTYH98"
"01HXJ4CQWP68GBW0694WX0QRTY","01HXJ4CQWP68GBW0694WX0QRTY"
"01JJG2F3YHZH8EVBBFGR607Q42","01JJG2F3YHZH8EVBBFGR607Q42"
"01JF1DVVMSZN28G42DZHJ10GKC","01JF1DVVMSZN28G42DZHJ10GKC"
"01HWX67H14MBTQAJYKQE8GZ720","01HWX67H14MBTQAJYKQE8GZ720"
"01HV7EKXWQ792C35H78Q8TBWXZ","01HV7EKXWQ792C35H78Q8TBWXZ"
"01HVNP3P98BP7WKHQWKEDYW9VK","01HVNP3P98BP7WKHQWKEDYW9VK"
"01HV7TBAM2398RTAPXN6KX9B2B","01HV7TBAM2398RTAPXN6KX9B2B"
"01HVBGSFAV6X0RKWGJQXRC7RD8","01HVBGSFAV6X0RKWGJQXRC7RD8"
"01HVBXQT2PW19DW9BYNNRC6RSN","01HVBXQT2PW19DW9BYNNRC6RSN"
"01JHF0279BQ392DY10F5729ZAK","01JHF0279BQ392DY10F5729ZAK"
"01HV7GY6HDDTQG9EYJ6MCRHTF6","01HV7GY6HDDTQG9EYJ6MCRHTF6"
"01JBHYRS8681GAB7W6J9MWXZR7","01JBHYRS8681GAB7W6J9MWXZR7"
"01HVXEJ1KKHCAJC0542Q7VAN70","01HVXEJ1KKHCAJC0542Q7VAN70"
"01J83BZ7C72G9TEKYB0CN0T6EM","01J83BZ7C72G9TEKYB0CN0T6EM"
